{"TP": 995, "FP": 1096, "TN": 43340, "FN": 4569, "_timestamp": 1713431045.118049, "_runtime": 195.52468991279602, "_step": 9, "correct": 107, "original": 21, "total": 170, "ce loss": 4.194950510905339, "fc loss": -0.7756583660076826, "acc": 0.1103, "_wandb": {"runtime": 220}}