{"TP": 28345, "FP": 8312, "TN": 12848, "FN": 495, "_timestamp": 1713445436.050264, "_runtime": 14261.672568798065, "_step": 1199, "correct": 28127, "original": 4765, "total": 36234, "ce loss": 1.6440384423121428, "fc loss": -0.933453212181727, "acc": 0.6406, "_wandb": {"runtime": 14260}}